0f6355e5509f9acd0c0c10d3485f4dc8348d6ace0.png,0f6355e5509f9acd0c0c10d3485f4dc8348d6ace1.png,0f6355e5509f9acd0c0c10d3485f4dc8348d6ace2.png,
0f94fe2b1b74ec3e39f449b6deccbf0af7bd6a600.png,0f94fe2b1b74ec3e39f449b6deccbf0af7bd6a601.png,0f94fe2b1b74ec3e39f449b6deccbf0af7bd6a602.png,
33474a2a269f5618e93827fd97c44c602a51170f0.png,33474a2a269f5618e93827fd97c44c602a51170f1.png,33474a2a269f5618e93827fd97c44c602a51170f2.png,
6424561f984b2f6a2cebc54ca8dc1b6964a4b8cf0.png,6424561f984b2f6a2cebc54ca8dc1b6964a4b8cf1.png,6424561f984b2f6a2cebc54ca8dc1b6964a4b8cf2.png,
661a78f840106a5cd9362a81a88840de978f0a120.png,661a78f840106a5cd9362a81a88840de978f0a121.png,661a78f840106a5cd9362a81a88840de978f0a122.png,
6d773cd60b6eef05b282a593bab7113c0dbbae460.png,6d773cd60b6eef05b282a593bab7113c0dbbae461.png,6d773cd60b6eef05b282a593bab7113c0dbbae462.png,
8ae625891902e55d063c351dc5ac3a35c5fbc5fd0.png,8ae625891902e55d063c351dc5ac3a35c5fbc5fd1.png,8ae625891902e55d063c351dc5ac3a35c5fbc5fd2.png,
980bdba46fe4571f34d1aacbb63c953a1b6989380.png,980bdba46fe4571f34d1aacbb63c953a1b6989381.png,980bdba46fe4571f34d1aacbb63c953a1b6989382.png,
a2395ddc021df97980d8d0b464c9de107e94fb970.png,a2395ddc021df97980d8d0b464c9de107e94fb971.png,a2395ddc021df97980d8d0b464c9de107e94fb972.png,
a2b1df5a11dadce831a05daad94472a81a5c3a3c0.png,a2b1df5a11dadce831a05daad94472a81a5c3a3c1.png,a2b1df5a11dadce831a05daad94472a81a5c3a3c2.png,
c4aef0304d639a571c1def9a975ce64043cd54340.png,c4aef0304d639a571c1def9a975ce64043cd54341.png,c4aef0304d639a571c1def9a975ce64043cd54342.png,
cba599e2ea420efc9c654d72db473e6024e7aaf10.png,cba599e2ea420efc9c654d72db473e6024e7aaf11.png,cba599e2ea420efc9c654d72db473e6024e7aaf12.png,
da48a48edac932673aac137ab43d0957f744b2e20.png,da48a48edac932673aac137ab43d0957f744b2e21.png,da48a48edac932673aac137ab43d0957f744b2e22.png,
e3f3b000e85e50ca77f8add65599a2bcdfcf58b30.png,e3f3b000e85e50ca77f8add65599a2bcdfcf58b31.png,e3f3b000e85e50ca77f8add65599a2bcdfcf58b32.png,
