0aed9c0c50e10018c98c1edc19933fa873dca00b0.png,0aed9c0c50e10018c98c1edc19933fa873dca00b1.png,0aed9c0c50e10018c98c1edc19933fa873dca00b2.png,
1aaf24c73ea8e0034cd625f4810aff4879fa30e20.png,1aaf24c73ea8e0034cd625f4810aff4879fa30e21.png,1aaf24c73ea8e0034cd625f4810aff4879fa30e22.png,
4c1ec60f1a2881428a72c35f30fcc4d309ae4bf40.png,4c1ec60f1a2881428a72c35f30fcc4d309ae4bf41.png,4c1ec60f1a2881428a72c35f30fcc4d309ae4bf42.png,
531d131d40c6ff6ee66690549492f999ccf0f7620.png,531d131d40c6ff6ee66690549492f999ccf0f7621.png,531d131d40c6ff6ee66690549492f999ccf0f7622.png,
54d51d31647249a9e2c262cebb3e0337006fad580.png,54d51d31647249a9e2c262cebb3e0337006fad581.png,54d51d31647249a9e2c262cebb3e0337006fad582.png,
557c4b7408c5fd861b70e53bebebc502e0f2c2740.png,557c4b7408c5fd861b70e53bebebc502e0f2c2741.png,557c4b7408c5fd861b70e53bebebc502e0f2c2742.png,
5be7ccd92d7fa03eccd68f9822330cdd8dca97780.png,5be7ccd92d7fa03eccd68f9822330cdd8dca97781.png,5be7ccd92d7fa03eccd68f9822330cdd8dca97782.png,
a9cf04886e27746e3af4ece4664df6232084bfff0.png,a9cf04886e27746e3af4ece4664df6232084bfff1.png,a9cf04886e27746e3af4ece4664df6232084bfff2.png,
c14c024d9a6dcad4b2ff43f71181904f069096200.png,c14c024d9a6dcad4b2ff43f71181904f069096201.png,c14c024d9a6dcad4b2ff43f71181904f069096202.png,
cb0822be70895fae5669dc3b6cc2afd767006c100.png,cb0822be70895fae5669dc3b6cc2afd767006c101.png,cb0822be70895fae5669dc3b6cc2afd767006c102.png,
df4ebd6266ee23338986dea3109108b99d107faa0.png,df4ebd6266ee23338986dea3109108b99d107faa1.png,df4ebd6266ee23338986dea3109108b99d107faa2.png,
e9d1afddbd850aba283cf1d708d055ed8b4932990.png,e9d1afddbd850aba283cf1d708d055ed8b4932991.png,e9d1afddbd850aba283cf1d708d055ed8b4932992.png,
efabe999e58e3f070c1bd2216d87bab5be27a5390.png,efabe999e58e3f070c1bd2216d87bab5be27a5391.png,efabe999e58e3f070c1bd2216d87bab5be27a5392.png,
f81c1a2552187d8bc3f638926fec23297d1731e80.png,f81c1a2552187d8bc3f638926fec23297d1731e81.png,f81c1a2552187d8bc3f638926fec23297d1731e82.png,
fc1460553e52169b180fe5c7d01527a9396810490.png,fc1460553e52169b180fe5c7d01527a9396810491.png,fc1460553e52169b180fe5c7d01527a9396810492.png,
